"Latest: Time (s)","Latest: No Vesta (°C)","Latest: Vesta (°C)"
0,30.1577048876,28.4039856383
0.5,30.1532538226,28.4217898984
1,30.1488027576,28.4529473537
1.5,30.1577048876,28.4707516138
2,30.1532538226,28.4885558739
2.5,30.1532538226,28.497458004
3,30.1532538226,28.5152622641
3.5,30.1488027576,28.5419686543
4,30.1399006275,28.5508707844
4.5,30.1399006275,28.5642239795
5,30.1399006275,28.5864793046
5.5,30.1399006275,28.6087346298
6,30.1354495625,28.6220878249
6.5,30.1265474324,28.639892085
7,30.1265474324,28.6532452801
7.5,30.1220963674,28.6755006053
8,30.1220963674,28.6933048654
8.5,30.1176453023,28.7022069955
9,30.1087431723,28.7289133857
9.5,30.1042921072,28.7333644507
10,30.0953899772,28.7467176458
10.5,30.0998410422,28.764521906
11,30.0864878471,28.768972971
11.5,30.0998410422,28.7823261661
12,30.0998410422,28.8223857514
12.5,30.0953899772,28.898053857
13,30.0909389121,29.0093304828
13.5,30.0909389121,29.0894496534
14,30.0998410422,29.174019889
14.5,30.0998410422,29.2407858645
15,30.0998410422,29.303100775
15.5,30.0953899772,29.3654156855
16,30.0998410422,29.4143774008
16.5,30.1042921072,29.4766923113
17,30.0953899772,29.5301050917
17.5,30.0953899772,29.5790668071
18,30.0953899772,29.6324795875
18.5,30.0998410422,29.6725391728
19,30.0998410422,29.7304030182
19.5,30.0953899772,29.7793647335
20,30.1042921072,29.8149732538
20.5,30.0998410422,29.8594839041
21,30.0909389121,29.8817392293
21.5,30.1131942373,29.9262498796
22,30.1087431723,29.9574073349
22.5,30.1042921072,29.9885647901
23,30.1176453023,30.0330754404
23.5,30.1176453023,30.0686839607
24,30.1309984974,30.0998414159
24.5,30.1265474324,30.1309988712
25,30.1309984974,30.1755095215
25.5,30.1354495625,30.1977648467
26,30.1399006275,30.2289223019
26.5,30.1488027576,30.2556286921
27,30.1443516925,30.2956882774
27.5,30.1577048876,30.3179436026
28,30.1577048876,30.3580031879
28.5,30.1710580827,30.3847095781
29,30.1933134079,30.4292202284
29.5,30.1844112778,30.4603776836
30,30.1933134079,30.4870840738
30.5,30.1977644729,30.5315947242
31,30.2244708631,30.5627521794
31.5,30.2333729932,30.5983606997
32,30.2378240582,30.6295181549
32.5,30.2378240582,30.6606756101
33,30.2378240582,30.6918330654
33.5,30.2511772533,30.7185394556
34,30.2600793834,30.7541479758
34.5,30.2600793834,30.780854366
35,30.2689815135,30.8075607562
35.5,30.2734325785,30.8431692765
36,30.2734325785,30.8743267317
36.5,30.2778836435,30.905484187
37,30.2956879037,30.9410927072
37.5,30.2956879037,30.9677990974
38,30.3045900337,30.9989565526
38.5,30.2956879037,31.0212118778
39,30.2956879037,31.043467203
39.5,30.2956879037,31.0612714631
40,30.3001389687,31.0835267883
40.5,30.3090410987,31.1013310484
41,30.3179432288,31.1102331785
41.5,30.3179432288,31.1324885036
42,30.3312964239,31.1413906337
42.5,30.344649619,31.1591948938
43,30.3535517491,31.181450219
43.5,30.3758070742,31.1992544791
44,30.4025134644,31.2259608693
44.5,30.4203177246,31.2348629994
45,30.4514751798,31.2615693896
45.5,30.4692794399,31.2793736497
46,30.4915347651,31.2927268448
46.5,30.5226922203,31.3060800399
47,30.5627518056,31.319433235
47.5,30.607262456,31.3372374952
48,30.6473220413,31.3639438854
48.5,30.6873816266,31.3772970805
49,30.7274412119,31.3906502756
49.5,30.7630497321,31.4084545357
50,30.7853050573,31.4129056007
50.5,30.7986582524,31.4262587958
51,30.8253646426,31.444063056
51.5,30.8565220978,31.4574162511
52,30.8921306181,31.4663183811
52.5,30.9054838132,31.4841226413
53,30.9321902034,31.5063779664
53.5,30.9544455286,31.5197311615
54,30.9633476586,31.5286332916
54.5,30.9856029838,31.5553396818
55,31.007858309,31.5686928769
55.5,31.016760439,31.577595007
56,31.0301136341,31.586497137
56.5,31.0434668292,31.5953992671
57,31.0568200243,31.6132035272
57.5,31.0835264145,31.6221056573
58,31.1057817397,31.6354588524
58.5,31.1102328047,31.6443609825
59,31.1280370649,31.6532631125
59.5,31.145841325,31.6577141776
60,31.1769987802,31.6666163076
60.5,31.1903519753,31.6844205678
61,31.1992541054,31.6799695027
61.5,31.2126073005,31.6933226978
62,31.2215094306,31.711126958
62.5,31.2348626257,31.7289312181
63,31.2482158208,31.7422844132
63.5,31.2571179508,31.7511865433
64,31.2704711459,31.7645397384
64.5,31.274922211,31.7734418684
65,31.2882754061,31.7912461286
65.5,31.3060796662,31.8001482586
66,31.3105307312,31.8001482586
66.5,31.3283349914,31.8268546488
67,31.3283349914,31.8268546488
67.5,31.3461392515,31.8357567789
68,31.3550413816,31.8580121041
68.5,31.3550413816,31.8580121041
69,31.3728456417,31.8713652992
69.5,31.3817477718,31.8847184943
70,31.3951009669,31.8847184943
70.5,31.3906499018,31.8980716894
71,31.4040030969,31.9114248845
71.5,31.4040030969,31.9158759495
72,31.4218073571,31.9203270145
72.5,31.4262584221,31.9336802096
73,31.4351605522,31.9425823397
73.5,31.4529648123,31.9559355348
74,31.4485137473,31.9603865998
74.5,31.4663180074,31.9648376649
75,31.4752201375,31.97819086
75.5,31.4796712025,31.9737397949
76,31.4930243976,31.9915440551
76.5,31.5063775927,31.9959951201
77,31.5019265276,32.0048972502
77.5,31.5108286577,32.0093483152
78,31.5152797227,32.0182504453
78.5,31.5197307878,32.0271525753
79,31.5197307878,32.0316036404
79.5,31.5375350479,32.0449568355
80,31.5375350479,32.0583100306
80.5,31.5419861129,32.0583100306
81,31.555339308,32.0672121606
81.5,31.555339308,32.0627610956
82,31.5597903731,32.0716632257
82.5,31.5731435682,32.0894674858
83,31.5775946332,32.0850164208
83.5,31.5775946332,32.0939185508
84,31.5731435682,32.1072717459
84.5,31.5864967633,32.1072717459
85,31.5998499584,32.120624941
85.5,31.5953988933,32.116173876
86,31.5998499584,32.120624941
86.5,31.6043010234,32.1295270711
87,31.6087520884,32.1384292011
87.5,31.6087520884,32.1339781361
88,31.6221052835,32.1384292011
88.5,31.6221052835,32.1517823962
89,31.6265563486,32.1517823962
89.5,31.6354584786,32.1517823962
90,31.6443606087,32.1651355913
90.5,31.6443606087,32.1651355913
91,31.6488116737,32.1651355913
91.5,31.6577138038,32.1740377214
92,31.6577138038,32.1784887864
92.5,31.6621648688,32.1784887864
93,31.6666159339,32.1873909165
93.5,31.679969129,32.1918419815
94,31.679969129,32.1918419815
94.5,31.688871259,32.1918419815
95,31.688871259,32.1918419815
95.5,31.688871259,32.2007441116
96,31.6977733891,32.2096462417
96.5,31.7022244541,32.2096462417
97,31.7022244541,32.2140973067
97.5,31.7066755192,32.2140973067
98,31.7111265842,32.2229994368
98.5,31.7155776492,32.2229994368
99,31.7066755192,32.2274505018
99.5,31.7200287143,32.2274505018
100,31.7155776492,32.2319015668
100.5,31.7155776492,32.2319015668
101,31.7289308443,32.2408036969
101.5,31.7244797793,32.249705827
102,31.7289308443,32.254156892
102.5,31.7333819094,32.249705827
103,31.7333819094,32.2630590221
103.5,31.7333819094,32.258607957
104,31.7333819094,32.2630590221
104.5,31.7333819094,32.2719611521
105,31.7378329744,32.2764122172
105.5,31.7422840394,32.2719611521
106,31.7378329744,32.2808632822
106.5,31.7556372345,32.2897654123
107,31.7511861695,32.2942164773
107.5,31.7511861695,32.2942164773
108,31.7600882996,32.2942164773
108.5,31.7556372345,32.3031186074
109,31.7645393646,32.3120207374
109.5,31.7600882996,32.3120207374
110,31.7645393646,32.3120207374
110.5,31.7689904296,32.3253739325
111,31.7645393646,32.3253739325
111.5,31.7734414947,32.3253739325
112,31.7734414947,32.3209228675
112.5,31.7734414947,32.3342760626
113,31.7867946898,32.3298249976
113.5,31.7867946898,32.3253739325
114,31.7867946898,32.3387271276
114.5,31.7956968198,32.3476292577
115,31.8001478849,32.3476292577
115.5,31.7956968198,32.3520803227
116,31.7956968198,32.3520803227
116.5,31.7956968198,32.3476292577
117,31.8090500149,32.3565313878
117.5,31.8045989499,32.3565313878
118,31.81350108,32.3565313878
118.5,31.81350108,32.3565313878
119,31.81350108,32.3654335178
119.5,31.8268542751,32.3698845829
120,31.8268542751,32.3698845829
120.5,31.81350108,32.3698845829
121,31.8313053401,32.3698845829
121.5,31.8313053401,32.3743356479
122,31.8268542751,32.3787867129
122.5,31.8268542751,32.383237778
123,31.8491096002,32.387688843
123.5,31.8446585352,32.3965909731
124,31.8491096002,32.392139908
124.5,31.8446585352,32.4054931031
125,31.8535606653,32.3965909731
125.5,31.8491096002,32.3965909731
126,31.8446585352,32.4010420381
126.5,31.8580117303,32.3965909731
127,31.8580117303,32.4010420381
127.5,31.8669138604,32.4010420381
128,31.8669138604,32.4099441682
128.5,31.8669138604,32.4010420381
129,31.8713649254,32.4010420381
129.5,31.8758159904,32.4010420381
130,31.8802670555,32.392139908
130.5,31.8802670555,32.3965909731
131,31.8847181205,32.387688843
131.5,31.8802670555,32.392139908
132,31.8891691855,32.392139908
132.5,31.8891691855,32.392139908
133,31.8891691855,32.387688843
133.5,31.8936202506,32.392139908
134,31.9025223806,32.387688843
134.5,31.8980713156,32.392139908
135,31.8980713156,32.392139908
135.5,31.9025223806,32.387688843
136,31.9025223806,32.387688843
136.5,31.9114245107,32.387688843
137,31.9069734457,32.4010420381
137.5,31.8980713156,32.392139908
138,31.9025223806,32.392139908
138.5,31.9114245107,32.392139908
139,31.9158755757,32.4010420381
139.5,31.9114245107,32.3965909731
140,31.9203266408,32.3965909731
140.5,31.9158755757,32.3965909731
141,31.9158755757,32.4010420381
141.5,31.9158755757,32.3965909731
142,31.9158755757,32.3965909731
142.5,31.9203266408,32.4054931031
143,31.9336798359,32.3965909731
143.5,31.9158755757,32.4010420381
144,31.9203266408,32.392139908
144.5,31.9247777058,32.4010420381
145,31.9336798359,32.4010420381
145.5,31.9336798359,32.3965909731
146,31.9292287708,32.3965909731
146.5,31.9247777058,32.3965909731
147,31.9292287708,32.4010420381
147.5,31.9336798359,32.4010420381
148,31.9292287708,32.387688843
148.5,31.9336798359,32.4010420381
149,31.9292287708,32.392139908
149.5,31.9336798359,32.392139908
150,31.947033031,32.3965909731
150.5,31.9381309009,32.392139908
151,31.9336798359,32.3965909731
151.5,31.9336798359,32.3965909731
152,31.9336798359,32.3965909731
152.5,31.9425819659,32.392139908
153,31.9425819659,32.392139908
153.5,31.9336798359,32.3965909731
154,31.9381309009,32.387688843
154.5,31.955935161,32.4010420381
155,31.9425819659,32.4010420381
155.5,31.9603862261,32.392139908
156,31.951484096,32.3965909731
156.5,31.9648372911,32.4054931031
157,31.951484096,32.387688843
157.5,31.955935161,32.3965909731
158,31.9648372911,32.4010420381
158.5,31.9603862261,32.3965909731
159,31.9648372911,32.4054931031
159.5,31.951484096,32.3965909731
160,31.9648372911,32.4010420381
160.5,31.9648372911,32.3965909731
161,31.9603862261,32.4054931031
161.5,31.9781904862,32.4010420381
162,31.9692883561,32.4054931031
162.5,31.9692883561,32.4054931031
163,31.9781904862,32.4010420381
163.5,31.9648372911,32.4188462982
164,31.9648372911,32.4054931031
164.5,31.9692883561,32.4188462982
165,31.9781904862,32.4143952332
165.5,31.9737394212,32.4099441682
166,31.9826415512,32.4188462982
166.5,31.9826415512,32.4188462982
167,31.9781904862,32.4143952332
167.5,31.9781904862,32.4143952332
168,31.9826415512,32.4188462982
168.5,31.9870926163,32.4143952332
169,31.9781904862,32.4099441682
169.5,31.9870926163,32.4099441682
170,31.9870926163,32.4054931031
170.5,31.9959947463,32.4099441682
171,32.0048968764,32.4143952332
171.5,31.9915436813,32.4054931031
172,32.0004458114,32.4010420381
172.5,31.9959947463,32.4010420381
173,31.9870926163,32.3965909731
173.5,31.9870926163,32.392139908
174,31.9915436813,32.392139908
174.5,31.9959947463,32.3965909731
175,31.9870926163,32.387688843
175.5,31.9870926163,32.392139908
176,31.9870926163,32.387688843
176.5,31.9915436813,32.392139908
177,31.9915436813,32.392139908
177.5,31.9915436813,32.3965909731
178,31.9870926163,32.3965909731
178.5,31.9870926163,32.3965909731
179,31.9870926163,32.4010420381
179.5,31.9870926163,32.4010420381
180,31.9915436813,32.4054931031
180.5,31.9826415512,32.3965909731
181,31.9870926163,32.4099441682
181.5,31.9870926163,32.4054931031
182,31.9959947463,32.4143952332
182.5,31.9915436813,32.4054931031
183,31.9826415512,32.4010420381
183.5,31.9870926163,32.4010420381
184,31.9915436813,32.4099441682
184.5,31.9870926163,32.4099441682
185,31.9959947463,32.4143952332
185.5,31.9915436813,32.4054931031
186,31.9959947463,32.4188462982
186.5,31.9959947463,32.4232973633
187,31.9915436813,32.4188462982
187.5,31.9915436813,32.4099441682
188,31.9915436813,32.4188462982
188.5,31.9870926163,32.4143952332
189,31.9870926163,32.4188462982
189.5,31.9959947463,32.4277484283
190,31.9959947463,32.4321994933
190.5,31.9915436813,32.4232973633
191,31.9915436813,32.4232973633
191.5,31.9915436813,32.4277484283
192,31.9870926163,32.4277484283
192.5,31.9692883561,32.4277484283
193,31.9692883561,32.4232973633
193.5,31.9692883561,32.4321994933
194,31.9737394212,32.4232973633
194.5,31.9603862261,32.4232973633
195,31.951484096,32.4232973633
195.5,31.9603862261,32.4321994933
196,31.9603862261,32.4232973633
196.5,31.9692883561,32.4188462982
197,31.9781904862,32.4010420381
197.5,31.9826415512,32.4143952332
198,31.9915436813,32.4143952332
198.5,31.9959947463,32.4099441682
199,32.0004458114,32.392139908
199.5,32.0093479414,32.3965909731
200,32.0093479414,32.387688843
200.5,32.0137990065,32.3743356479
201,32.0182500715,32.3743356479
201.5,32.0227011365,32.3698845829
202,32.0316032666,32.3654335178
202.5,32.0271522016,32.3565313878
203,32.0405053967,32.3698845829
203.5,32.0405053967,32.3565313878
204,32.0405053967,32.3520803227
204.5,32.0405053967,32.3387271276
205,32.0494075267,32.3431781927
205.5,32.0405053967,32.3253739325
206,32.0538585918,32.3387271276
206.5,32.0405053967,32.3253739325
207,32.0494075267,32.3298249976
207.5,32.0538585918,32.3253739325
208,32.0494075267,32.3209228675
208.5,32.0627607218,32.3120207374
209,32.0405053967,32.3164718025
209.5,32.0494075267,32.3120207374
210,32.0538585918,32.3120207374
210.5,32.0583096568,32.2986675423
211,32.0494075267,32.3031186074
211.5,32.0538585918,32.2986675423
212,32.0538585918,32.2942164773
212.5,32.0494075267,32.2897654123
213,32.0538585918,32.2942164773
213.5,32.0538585918,32.2853143472
214,32.0538585918,32.2764122172
214.5,32.0627607218,32.2719611521
215,32.0538585918,32.2719611521
215.5,32.0538585918,32.2764122172
216,32.0583096568,32.2675100871
216.5,32.0538585918,32.2630590221
217,32.0583096568,32.2630590221
217.5,32.0494075267,32.258607957
218,32.0627607218,32.258607957
218.5,32.0538585918,32.254156892
219,32.0538585918,32.249705827
219.5,32.0494075267,32.254156892
220,32.0538585918,32.254156892
220.5,32.0583096568,32.249705827
221,32.0538585918,32.2408036969
221.5,32.0583096568,32.2452547619
222,32.0538585918,32.2452547619
222.5,32.0538585918,32.2452547619
223,32.0538585918,32.2452547619
223.5,32.0583096568,32.2408036969
224,32.0583096568,32.2319015668
224.5,32.0538585918,32.2319015668
225,32.0627607218,32.2319015668
225.5,32.0583096568,32.2363526319
226,32.0672117869,32.2229994368
226.5,32.0627607218,32.2319015668
227,32.0672117869,32.2229994368
227.5,32.0672117869,32.2229994368
228,32.0672117869,32.2185483717
228.5,32.0716628519,32.2229994368
229,32.0538585918,32.2185483717
229.5,32.0716628519,32.2185483717
230,32.0627607218,32.2185483717
230.5,32.0672117869,32.2229994368
231,32.0716628519,32.2140973067
231.5,32.0761139169,32.2229994368
232,32.0716628519,32.2185483717
232.5,32.0627607218,32.2185483717
233,32.0672117869,32.2096462417
233.5,32.0716628519,32.2185483717
234,32.0716628519,32.2096462417
234.5,32.0672117869,32.2229994368
235,32.0761139169,32.2229994368
235.5,32.0672117869,32.2229994368
236,32.0761139169,32.2140973067
236.5,32.0716628519,32.2185483717
237,32.0672117869,32.2229994368
237.5,32.0672117869,32.2229994368
238,32.0716628519,32.2229994368
238.5,32.0627607218,32.2229994368
239,32.0538585918,32.2185483717
239.5,32.0538585918,32.2185483717
240,32.0716628519,32.2185483717
240.5,32.0583096568,32.2185483717
241,32.0583096568,32.2140973067
241.5,32.0538585918,32.2185483717
242,32.0627607218,32.2140973067
242.5,32.0538585918,32.2096462417
243,32.0494075267,32.2051951766
243.5,32.0627607218,32.2140973067
244,32.0583096568,32.2096462417
244.5,32.0538585918,32.2096462417
245,32.0538585918,32.2007441116
245.5,32.0449564617,32.2096462417
246,32.0494075267,32.2007441116
246.5,32.0494075267,32.2051951766
247,32.0449564617,32.2007441116
247.5,32.0494075267,32.1962930466
248,32.0494075267,32.2007441116
248.5,32.0538585918,32.2051951766
249,32.0494075267,32.2051951766
249.5,32.0538585918,32.2051951766
250,32.0538585918,32.2007441116
250.5,32.0538585918,32.2096462417
251,32.0538585918,32.1962930466
251.5,32.0538585918,32.2051951766
252,32.0583096568,32.2051951766
252.5,32.0538585918,32.2051951766
253,32.0538585918,32.2096462417
253.5,32.0494075267,32.2007441116
254,32.0538585918,32.2007441116
254.5,32.0538585918,32.1962930466
255,32.0583096568,32.1962930466
255.5,32.0538585918,32.1962930466
256,32.0583096568,32.1873909165
256.5,32.0538585918,32.1962930466
257,32.0583096568,32.1962930466
257.5,32.0494075267,32.1962930466
258,32.0538585918,32.1962930466
258.5,32.0583096568,32.2007441116
259,32.0538585918,32.2051951766
259.5,32.0583096568,32.2007441116
260,32.0538585918,32.1962930466
260.5,32.0494075267,32.1962930466
261,32.0538585918,32.1962930466
261.5,32.0538585918,32.1962930466
262,32.0583096568,32.1962930466
262.5,32.0583096568,32.2007441116
263,32.0627607218,32.2007441116
263.5,32.0538585918,32.2051951766
264,32.0494075267,32.2007441116
264.5,32.0627607218,32.1962930466
265,32.0583096568,32.1918419815
265.5,32.0538585918,32.1962930466
266,32.0583096568,32.1918419815
266.5,32.0627607218,32.2007441116
267,32.0494075267,32.1918419815
267.5,32.0583096568,32.1962930466
268,32.0716628519,32.1918419815
268.5,32.0583096568,32.1918419815
269,32.0583096568,32.1918419815
269.5,32.0583096568,32.1918419815
270,32.0627607218,32.1918419815
270.5,32.0627607218,32.1918419815
271,32.0672117869,32.1918419815
271.5,32.0627607218,32.1829398515
272,32.0672117869,32.1873909165
272.5,32.0672117869,32.1873909165
273,32.0627607218,32.1740377214
273.5,32.0716628519,32.1829398515
274,32.0716628519,32.1829398515
274.5,32.0672117869,32.1740377214
275,32.0627607218,32.1784887864
275.5,32.0716628519,32.1873909165
276,32.080564982,32.1829398515
276.5,32.0672117869,32.1873909165
277,32.0627607218,32.1918419815
277.5,32.0761139169,32.1873909165
278,32.0672117869,32.1918419815
278.5,32.0716628519,32.1829398515
279,32.0627607218,32.1873909165
279.5,32.0672117869,32.1829398515
280,32.0672117869,32.1962930466
280.5,32.0672117869,32.1918419815
281,32.0672117869,32.1962930466
281.5,32.0672117869,32.1918419815
282,32.0716628519,32.1962930466
282.5,32.0627607218,32.2007441116
283,32.0672117869,32.2007441116
283.5,32.0672117869,32.1962930466
284,32.0672117869,32.1962930466
284.5,32.0716628519,32.1918419815
285,32.0672117869,32.1962930466
285.5,32.0716628519,32.2051951766
286,32.0672117869,32.2007441116
286.5,32.0538585918,32.1962930466
287,32.0627607218,32.2007441116
287.5,32.0627607218,32.2007441116
288,32.0672117869,32.2051951766
288.5,32.0716628519,32.2051951766
289,32.0538585918,32.2051951766
289.5,32.0672117869,32.2096462417
290,32.0627607218,32.2185483717
290.5,32.0583096568,32.2096462417
291,32.0672117869,32.2140973067
291.5,32.0583096568,32.2096462417
292,32.0716628519,32.2096462417
292.5,32.0494075267,32.2051951766
293,32.0627607218,32.2096462417
293.5,32.0627607218,32.2096462417
294,32.0672117869,32.2140973067
294.5,32.0583096568,32.2096462417
295,32.0672117869,32.2140973067
295.5,32.0672117869,32.2096462417
296,32.0672117869,32.2185483717
296.5,32.0716628519,32.2185483717
297,32.0583096568,32.2229994368
297.5,32.0627607218,32.2140973067
298,32.0583096568,32.2185483717
298.5,32.0583096568,32.2140973067
299,32.0672117869,32.2229994368
299.5,32.0672117869,32.2229994368
300,32.0627607218,32.2185483717
300.5,32.0583096568,32.2229994368
301,32.0538585918,32.2140973067
301.5,32.0538585918,32.2229994368
302,32.0538585918,32.2274505018
302.5,32.0538585918,32.2319015668
303,32.0627607218,32.2319015668
303.5,32.0538585918,32.2185483717
304,32.0494075267,32.2319015668
304.5,32.0538585918,32.2274505018
305,32.0538585918,32.2140973067
305.5,32.0449564617,32.2229994368
306,32.0494075267,32.2229994368
306.5,32.0538585918,32.2274505018
307,32.0494075267,32.2229994368
307.5,32.0449564617,32.2363526319
308,32.0538585918,32.2274505018
308.5,32.0449564617,32.2274505018
309,32.0538585918,32.2274505018
309.5,32.0449564617,32.2319015668
310,32.0494075267,32.2319015668
310.5,32.0494075267,32.2363526319
311,32.0538585918,32.2363526319
311.5,32.0538585918,32.2319015668
312,32.0494075267,32.2319015668
312.5,32.0583096568,32.2363526319
313,32.0494075267,32.2319015668
313.5,32.0538585918,32.2363526319
314,32.0494075267,32.2363526319
314.5,32.0405053967,32.2319015668
315,32.0449564617,32.2363526319
315.5,32.0538585918,32.2363526319
316,32.0405053967,32.2274505018
316.5,32.0449564617,32.2363526319
317,32.0449564617,32.2319015668
317.5,32.0405053967,32.2408036969
318,32.0449564617,32.2408036969
318.5,32.0538585918,32.2408036969
319,32.0538585918,32.2363526319
319.5,32.0449564617,32.2408036969
320,32.0449564617,32.2363526319
320.5,32.0449564617,32.2363526319
321,32.0405053967,32.2408036969
321.5,32.0494075267,32.2363526319
322,32.0360543316,32.2319015668
322.5,32.0360543316,32.2274505018
323,32.0494075267,32.2319015668
323.5,32.0360543316,32.2408036969
324,32.0494075267,32.2274505018
324.5,32.0405053967,32.2363526319
325,32.0405053967,32.2319015668
325.5,32.0316032666,32.2319015668
326,32.0316032666,32.2319015668
326.5,32.0316032666,32.2319015668
327,32.0227011365,32.2274505018
327.5,32.0360543316,32.2229994368
328,32.0360543316,32.2274505018
328.5,32.0271522016,32.2274505018
329,32.0316032666,32.2319015668
329.5,32.0271522016,32.2319015668
330,32.0271522016,32.2319015668
330.5,32.0271522016,32.2319015668
331,32.0360543316,32.2408036969
331.5,32.0316032666,32.2319015668
332,32.0227011365,32.2274505018
332.5,32.0182500715,32.2319015668
333,32.0227011365,32.249705827
333.5,32.0360543316,32.2408036969
334,32.0271522016,32.2363526319
334.5,32.0227011365,32.2319015668
335,32.0271522016,32.2363526319
335.5,32.0271522016,32.2363526319
336,32.0227011365,32.2363526319
336.5,32.0182500715,32.2363526319
337,32.0182500715,32.2363526319
337.5,32.0227011365,32.2452547619
338,32.0271522016,32.2452547619
338.5,32.0271522016,32.2408036969
339,32.0271522016,32.2363526319
339.5,32.0227011365,32.2319015668
340,32.0137990065,32.2452547619
340.5,32.0271522016,32.2452547619
341,32.0182500715,32.2452547619
341.5,32.0316032666,32.2408036969
342,32.0227011365,32.249705827
342.5,32.0316032666,32.249705827
343,32.0316032666,32.258607957
343.5,32.0271522016,32.2452547619
344,32.0227011365,32.254156892
344.5,32.0227011365,32.254156892
345,32.0227011365,32.2675100871
345.5,32.0316032666,32.258607957
346,32.0271522016,32.2719611521
346.5,32.0316032666,32.2630590221
347,32.0271522016,32.2630590221
347.5,32.0316032666,32.2675100871
348,32.0227011365,32.2675100871
348.5,32.0271522016,32.2719611521
349,32.0271522016,32.2630590221
349.5,32.0316032666,32.2719611521
350,32.0271522016,32.2719611521
350.5,32.0316032666,32.2719611521
351,32.0316032666,32.2719611521
351.5,32.0360543316,32.2764122172
352,32.0316032666,32.2719611521
352.5,32.0449564617,32.2719611521
353,32.0360543316,32.2808632822
353.5,32.0360543316,32.2853143472
354,32.0316032666,32.2808632822
354.5,32.0271522016,32.2808632822
355,32.0316032666,32.2942164773
355.5,32.0449564617,32.2764122172
356,32.0316032666,32.2808632822
356.5,32.0316032666,32.2853143472
357,32.0271522016,32.2897654123
357.5,32.0316032666,32.2808632822
358,32.0405053967,32.2897654123
358.5,32.0360543316,32.2808632822
359,32.0449564617,32.2897654123
359.5,32.0405053967,32.2897654123
360,32.0405053967,32.2942164773
360.5,32.0494075267,32.2942164773
361,32.0405053967,32.2986675423
361.5,32.0538585918,32.2986675423
362,32.0449564617,32.3031186074
362.5,32.0449564617,32.3209228675
363,32.0538585918,32.3253739325
363.5,32.0449564617,32.3342760626
364,32.0360543316,32.3431781927
364.5,32.0494075267,32.3476292577
365,32.0449564617,32.3476292577
365.5,32.0449564617,32.3609824528
366,32.0449564617,32.3698845829
366.5,32.0449564617,32.3787867129
367,32.0449564617,32.383237778
367.5,32.0449564617,32.387688843
368,32.0494075267,32.4054931031
368.5,32.0494075267,32.4054931031
369,32.0449564617,32.4010420381
369.5,32.0538585918,32.4143952332
370,32.0449564617,32.4188462982
370.5,32.0494075267,32.4232973633
371,32.0405053967,32.4277484283
371.5,32.0494075267,32.4277484283
372,32.0538585918,32.4277484283
372.5,32.0494075267,32.4455526884
373,32.0449564617,32.4411016234
373.5,32.0494075267,32.4455526884
374,32.0494075267,32.4455526884
374.5,32.0538585918,32.4455526884
375,32.0494075267,32.383237778
375.5,32.0449564617,32.3342760626
376,32.0494075267,32.2764122172
376.5,32.0405053967,32.2229994368
377,32.0494075267,32.1829398515
377.5,32.0627607218,32.1339781361
378,32.0583096568,32.0983696159
378.5,32.0405053967,32.0583100306
379,31.9826415512,32.0048972502
379.5,31.9114245107,31.9514844698
380,31.8535606653,31.9069738194
380.5,31.7734414947,31.8669142341
381,31.7155776492,31.8135014537
381.5,31.6621648688,31.7600886733
382,31.5864967633,31.715578023
382.5,31.5108286577,31.6799695027
383,31.4307094871,31.6443609825
383.5,31.3728456417,31.6043013972
384,31.3327860564,31.5686928769
384.5,31.2882754061,31.5197311615
385,31.2437647557,31.4841226413
385.5,31.2126073005,31.448514121
386,31.1769987802,31.4351609259
386.5,31.1369391949,31.4129056007
387,31.0924285446,31.3861992105
387.5,31.0612710894,31.3594928203
388,31.0256625691,31.3461396252
388.5,30.9945051139,31.319433235
389,30.9677987237,31.2927268448
389.5,30.9277391384,31.2571183246
390,30.883228488,31.2304119344
390.5,30.8565220978,31.1948034141
391,30.8209135776,31.1636459589
391.5,30.7808539923,31.1413906337
392,30.749696537,31.1191353085
392.5,30.7096369517,31.0924289183
393,30.6740284315,31.0701735932
393.5,30.6428709762,31.043467203
394,30.611713521,31.0212118778
394.5,30.5894581958,30.9945054876
395,30.5583007406,30.9588969673
395.5,30.5360454154,30.9410927072
396,30.5048879602,30.905484187
396.5,30.4692794399,30.8832288618
397,30.4514751798,30.8476203415
397.5,30.4292198546,30.8164628863
398,30.4025134644,30.7986586262
398.5,30.3713560092,30.7675011709
399,30.3535517491,30.7407947807
399.5,30.3179432288,30.7318926507
400,30.2956879037,30.7007351954
400.5,30.2600793834,30.6695777402
401,30.2333729932,30.647322415
401.5,30.211117668,30.6206160248
402,30.1844112778,30.6072628297
402.5,30.1532538226,30.5850075046
403,30.1176453023,30.5627521794
403.5,30.0864878471,30.5404968542
404,30.0419771968,30.513790464
404.5,30.0019176115,30.4870840738
405,29.9618580262,30.4648287487
405.5,29.9262495059,30.4381223585
406,29.8906409856,30.4069649032
406.5,29.8683856605,30.3847095781
407,29.8372282052,30.3535521228
407.5,29.8149728801,30.3223946676
408,29.7882664899,30.3001393424
408.5,29.7526579696,30.2645308222
409,29.7215005144,30.246726562
409.5,29.6947941242,30.2200201718
410,29.668087734,30.1977648467
410.5,29.6458324088,30.1755095215
411,29.6235770836,30.1443520663
411.5,29.5968706934,30.104292481
412,29.5701643032,30.0909392859
412.5,29.539006848,30.0419775705
413,29.5256536529,30.0241733104
413.5,29.4944961977,30.0019179852
414,29.4766919375,29.97966266
414.5,29.4455344823,29.9574073349
415,29.4232791571,29.9396030747
415.5,29.405474897,29.9262498796
416,29.3743174418,29.9039945545
416.5,29.3565131816,29.8906413594
417,29.3253557264,29.8728370992
417.5,29.3031004012,29.8550328391
418,29.2808450761,29.837228579
418.5,29.2630408159,29.8149732538
419,29.2407854908,29.8016200587
419.5,29.2185301656,29.7927179286
420,29.2051769705,29.7615604734
420.5,29.1829216453,29.7482072783
421,29.1606663202,29.7170498231
421.5,29.138410995,29.7170498231
422,29.1206067349,29.6814413028
422.5,29.1028024748,29.6725391728
423,29.0849982146,29.6502838476
423.5,29.0582918244,29.6324795875
424,29.0315854342,29.6102242623
424.5,29.0093301091,29.5924200022
425,29.000427979,29.5790668071
425.5,28.9781726538,29.5523604169
426,28.9559173287,29.5479093518
426.5,28.9425641336,29.5301050917
427,28.9203088084,29.5212029616
427.5,28.8980534832,29.4944965714
428,28.8757981581,29.4677901812
428.5,28.862444963,29.4588880512
429,28.8401896378,29.436632726
429.5,28.8179343126,29.4143774008
430,28.8001300525,29.4010242057
430.5,28.7734236623,29.3832199456
431,28.7556194022,29.3609646204
431.5,28.737815142,29.3520624904
432,28.728913012,29.3342582302
432.5,28.7066576868,29.3120029051
433,28.6888534267,29.303100775
433.5,28.6844023616,29.2897475799
434,28.6532449064,29.2763943848
434.5,28.6309895812,29.2541390596
435,28.6131853211,29.2274326694
435.5,28.599832126,29.2096284093
436,28.5820278659,29.1962752142
436.5,28.5597725407,29.1784709541
437,28.5375172155,29.1562156289
437.5,28.5241640204,29.1428624338
438,28.5063597603,29.1250581737
438.5,28.4974576302,29.0983517835
439,28.47075124,29.0983517835
439.5,28.46184911,29.0760964583
440,28.4306916547,29.0716453933
440.5,28.4173384596,29.0449390031
441,28.4039852645,29.0271347429
441.5,28.3728278093,29.0093304828
442,28.3639256792,28.9870751576
442.5,28.332768224,28.9692708975
443,28.3105128988,28.9470155723
443.5,28.2971597037,28.9425645073
444,28.2704533135,28.9247602472
444.5,28.2392958583,28.8936027919
445,28.2081384031,28.8757985318
445.5,28.1858830779,28.8668964017
446,28.1725298828,28.8535432066
446.5,28.1324702975,28.8357389465
447,28.1235681674,28.8268368164
447.5,28.0924107122,28.8134836213
448,28.0523511269,28.7867772311
448.5,28.0345468668,28.7778751011
449,28.0122915416,28.764521906
449.5,27.9944872815,28.7467176458
450,27.9722319563,28.7378155158
450.5,27.9544276962,28.6977559305
451,27.9455255661,28.6888538004
451.5,27.927721306,28.6665984752
452,27.9143681109,28.6443431501
452.5,27.8832106557,28.6220878249
453,27.8698574606,28.6042835648
453.5,27.8476021354,28.5775771746
454,27.8431510704,28.5686750445
454.5,27.8164446802,28.5553218494
455,27.8164446802,28.5330665243
455.5,27.794189355,28.5152622641
456,27.7763850949,28.497458004
456.5,27.7630318998,28.4885558739
457,27.7452276396,28.4752026788
457.5,27.7274233795,28.4529473537
458,27.7140701844,28.4395941586
458.5,27.6962659243,28.4173388334
459,27.6918148592,28.4084367033
459.5,27.6740105991,28.3995345733
460,27.660657404,28.3861813782
460.5,27.6428531439,28.3772792481
461,27.6205978187,28.359474988
461.5,27.6072446236,28.3505728579
462,27.5938914285,28.3327685978
462.5,27.5716361033,28.3060622076
463,27.5582829082,28.3016111425
463.5,27.5449297131,28.2838068824
464,27.531576518,28.2660026223
464.5,27.5137722579,28.2526494272
465,27.4915169327,28.2526494272
465.5,27.4648105425,28.230394102
466,27.4514573474,28.2170409069
466.5,27.4425552174,28.2125898419
467,27.4202998922,28.1947855817
467.5,27.398044567,28.1858834517
468,27.389142437,28.1680791915
468.5,27.3802403069,28.1591770615
469,27.3624360468,28.1413728013
469.5,27.3446317866,28.1280196062
470,27.3401807216,28.1191174762
470.5,27.3134743314,28.1057642811
471,27.3090232664,28.092411086
471.5,27.2956700713,28.0790578909
472,27.2778658111,28.0612536307
472.5,27.264512616,28.0612536307
473,27.2511594209,28.0479004356
473.5,27.2422572909,28.0434493706
474,27.2200019657,28.0300961755
474.5,27.2110998356,28.0167429804
475,27.2066487706,28.0033897853
475.5,27.1843934454,27.9811344601
476,27.1754913154,27.9722323301
476.5,27.1754913154,27.9499770049
477,27.1532359902,27.9366238098
477.5,27.1398827951,27.9321727448
478,27.130980665,27.9143684846
478.5,27.1176274699,27.9099174196
479,27.1087253399,27.8832110294
479.5,27.0909210797,27.8743088993
480,27.0820189497,27.8476025091
480.5,27.0686657546,27.8431514441
481,27.0597636245,27.8208961189
481.5,27.0419593644,27.8075429238
482,27.0286061693,27.7852875987
482.5,27.0197040392,27.7897386637
483,27.0063508441,27.7719344036
483.5,27.0018997791,27.7585812085
484,26.9840955189,27.7363258833
484.5,26.9707423238,27.7229726882
485,26.9573891287,27.7185216232
485.5,26.9529380637,27.7051684281
486,26.9306827385,27.696266298
486.5,26.9217806085,27.6829131029
487,26.8995252833,27.6695599078
487.5,26.8950742183,27.6651088428
488,26.8728188931,27.6606577777
488.5,26.859465698,27.6428535176
489,26.8505635679,27.6295003225
489.5,26.8283082428,27.6205981924
490,26.8283082428,27.6072449973
490.5,26.8149550477,27.5938918022
491,26.7971507875,27.5805386071
491.5,26.7926997225,27.562734347
492,26.7748954624,27.5493811519
492.5,26.7659933323,27.5449300869
493,26.7437380071,27.5271258267
493.5,26.7303848121,27.5226747617
494,26.717031617,27.5093215666
494.5,26.7125805519,27.4959683715
495,26.7036784219,27.4781641114
495.5,26.6903252268,27.4603598512
496,26.6814230967,27.4470066561
496.5,26.6636188366,27.4381045261
497,26.6458145764,27.4113981359
497.5,26.6324613813,27.4024960058
498,26.6191081862,27.3891428107
498.5,26.6146571212,27.3757896156
499,26.5968528611,27.3624364205
499.5,26.592401796,27.3446321604
500,26.5790486009,27.3446321604
500.5,26.5612443408,27.3223768352
501,26.5345379506,27.3179257702
501.5,26.5345379506,27.295670445
502,26.5256358205,27.2823172499
502.5,26.5122826254,27.2734151199
503,26.5033804954,27.2467087297
503.5,26.4855762352,27.2422576646
504,26.4811251702,27.2289044695
504.5,26.4677719751,27.2021980793
505,26.4633209101,27.2021980793
505.5,26.4410655849,27.157687429
506,26.4321634548,27.1443342339
506.5,26.4277123898,27.1354321038
507,26.4232613248,27.1220789087
507.5,26.4188102597,27.0998235836
508,26.3965549346,27.0909214535
508.5,26.3921038695,27.0731171934
509,26.3742996094,27.0553129332
509.5,26.3609464143,27.0330576081
510,26.3431421542,27.024155478
510.5,26.3386910891,27.0019001528
511,26.3297889591,26.9796448277
511.5,26.320886829,26.9796448277
512,26.2986315038,26.9529384375
512.5,26.2986315038,26.9484873724
513,26.2808272437,26.9351341773
513.5,26.2719251136,26.9173299172
514,26.2585719185,26.9128788522
514.5,26.2496697885,26.9084277871
515,26.2407676584,26.886172462
515.5,26.2318655283,26.890623527
516,26.2274144633,26.8772703319
516.5,26.2096102032,26.8550150067
517,26.2096102032,26.8550150067
517.5,26.2007080731,26.8416618116
518,26.187354878,26.8327596816
518.5,26.1740016829,26.8016022263
519,26.1606484878,26.8016022263
519.5,26.1472952927,26.7971511613
520,26.1428442277,26.7837979662
520.5,26.1294910326,26.7748958361
521,26.1116867724,26.7659937061
521.5,26.1116867724,26.757091576
522,26.0983335773,26.7392873159
522.5,26.0849803822,26.7259341208
523,26.0805293172,26.7125809257
523.5,26.0716271871,26.6992277306
524,26.0627250571,26.6903256005
524.5,26.049371862,26.6725213404
525,26.0449207969,26.6591681453
525.5,26.0315676018,26.6591681453
526,26.0226654718,26.6413638851
526.5,26.0226654718,26.62801069
527,26.0093122767,26.6102064299
527.5,26.0004101466,26.6013042998
528,25.9915080165,26.5968532348
528.5,25.9826058865,26.5835000397
529,25.9737037564,26.5745979096
529.5,25.9603505613,26.5701468446
530,25.9469973662,26.5612447145
530.5,25.9380952361,26.5389893894
531,25.924742041,26.5345383243
531.5,25.920290976,26.5256361943
532,25.9113888459,26.5167340642
532.5,25.9024867159,26.5033808691
533,25.8802313907,26.490027674
533.5,25.8713292606,26.4811255439
534,25.8535250005,26.4633212838
534.5,25.8490739355,26.4499680887
535,25.8357207404,26.4410659586
535.5,25.8312696753,26.4232616985
536,25.8134654152,26.4232616985
536.5,25.7956611551,26.3921042433
537,25.79121009,26.3876531782
537.5,25.786759025,26.3876531782
538,25.7645036998,26.356495723
538.5,25.7556015698,26.3431425279
539,25.7511505047,26.3431425279
539.5,25.7422483747,26.3253382678
540,25.7244441145,26.3208872027
540.5,25.7244441145,26.3075340076
541,25.7110909194,26.2941808125
541.5,25.7066398544,26.2897297475
542,25.7021887894,26.2808276174
542.5,25.6843845292,26.2674744223
543,25.6843845292,26.2674744223
543.5,25.6665802691,26.2541212272
544,25.657678139,26.2452190972
544.5,25.648776009,26.2407680321
545,25.6398738789,26.222963772
545.5,25.6354228139,26.2140616419
546,25.6220696188,26.2007084468
546.5,25.6131674887,26.1962573818
547,25.6042653586,26.1784531217
547.5,25.5864610985,26.1650999266
548,25.5864610985,26.1606488616
548.5,25.5731079034,26.1472956665
549,25.5686568384,26.1339424714
549.5,25.5642057733,26.1339424714
550,25.5508525782,26.1205892763
550.5,25.5374993832,26.1116871462
551,25.5374993832,26.1027850161
551.5,25.5285972531,26.089431821
552,25.5063419279,26.089431821
552.5,25.5063419279,26.089431821
553,25.4974397979,26.0760786259
553.5,25.4796355377,26.0671764959
554,25.4796355377,26.0627254308
554.5,25.4707334077,26.0538233008
555,25.4662823426,26.0538233008
555.5,25.4573802126,26.0404701057
556,25.4573802126,26.0360190406
556.5,25.4395759524,26.0271169106
557,25.4440270175,26.0271169106
557.5,25.4351248874,26.0226658455
558,25.4262227573,26.0137637155
558.5,25.4217716923,26.0048615854
559,25.4084184972,26.0004105204
559.5,25.4084184972,25.9915083903
560,25.3995163671,25.9826062602
560.5,25.3906142371,25.9870573253
561,25.3950653021,25.9781551952
561.5,25.381712107,25.9692530651
562,25.381712107,25.9692530651
562.5,25.3728099769,25.9692530651
563,25.3683589119,25.95589987
563.5,25.3683589119,25.95589987
564,25.3594567818,25.9603509351
564.5,25.3505546518,25.9425466749
565,25.3639078469,25.9336445449
565.5,25.3505546518,25.9336445449
566,25.3505546518,25.9291934798
566.5,25.3372014567,25.9158402847
567,25.3282993266,25.9158402847
567.5,25.3327503916,25.9069381547
568,25.3327503916,25.8980360246
568.5,25.3149461315,25.8891338945
569,25.3193971965,25.8802317645
569.5,25.3149461315,25.8713296344
570,25.3104950665,25.8535253743
570.5,25.3015929364,25.8579764393
571,25.3060440014,25.8535253743
571.5,25.2926908063,25.8312700491
572,25.2882397413,25.8268189841
572.5,25.2882397413,25.8312700491
573,25.2793376112,25.813465789
573.5,25.2793376112,25.813465789
574,25.2704354812,25.8001125939
574.5,25.2704354812,25.7956615288
575,25.2659844161,25.7956615288
575.5,25.248180156,25.7867593988
576,25.248180156,25.7823083337
576.5,25.243729091,25.7734062037
577,25.248180156,25.7645040736
577.5,25.2348269609,25.7600530086
578,25.2348269609,25.7556019435
578.5,25.2170227008,25.7422487484
579,25.2125716357,25.7333466184
579.5,25.2125716357,25.7244444883
580,25.2036695057,25.7244444883
580.5,25.2036695057,25.7244444883
581,25.1947673756,25.7155423582
581.5,25.1903163106,25.7110912932
582,25.1814141805,25.688835968
582.5,25.1725120504,25.688835968
583,25.1636099204,25.684384903
583.5,25.1547077903,25.6754827729
584,25.1547077903,25.6710317079
584.5,25.1413545952,25.6665806429
585,25.1413545952,25.6576785128
585.5,25.1324524651,25.6576785128
586,25.1235503351,25.6487763827
586.5,25.1235503351,25.6487763827
587,25.1235503351,25.6443253177
587.5,25.11019714,25.6309721226
588,25.11019714,25.6265210576
588.5,25.11019714,25.6131678625
589,25.1012950099,25.6176189275
589.5,25.0923928798,25.5998146674
590,25.0879418148,25.5953636023
590.5,25.0879418148,25.5953636023
591,25.0701375547,25.5909125373
591.5,25.0745886197,25.5864614723
592,25.0701375547,25.5731082772
592.5,25.0612354246,25.5686572121
593,25.0478822295,25.5597550821
593.5,25.0478822295,25.555304017
594,25.0478822295,25.546401887
594.5,25.0389800994,25.5330486919
595,25.0434311645,25.5330486919
595.5,25.0345290344,25.5196954968
596,25.0167247743,25.5063423017
596.5,25.0122737092,25.4974401716
597,25.0122737092,25.4974401716
597.5,25.0033715792,25.4929891066
598,25.0033715792,25.4796359115
598.5,24.9944694491,25.4840869765
599,24.9900183841,25.4662827164
599.5,24.981116254,25.4707337814
600,24.976665189,25.4662827164
600.5,24.9722141239,25.4529295213
601,24.976665189,25.4484784562
601.5,24.9633119939,25.4484784562
602,24.9677630589,25.4395763262
602.5,24.9499587988,25.4395763262
603,24.9366056037,25.4306741961
603.5,24.9410566687,25.4262231311
604,24.9455077337,25.421772066
604.5,24.9410566687,25.421772066
605,24.9410566687,25.412869936
605.5,24.9277034736,25.4084188709
606,24.9188013435,25.4039678059
606.5,24.9232524086,25.4039678059
607,24.9098992135,25.3995167409
607.5,24.9188013435,25.4039678059
608,24.9098992135,25.3906146108
608.5,24.9054481484,25.3861635458
609,24.9054481484,25.3861635458
609.5,24.9009970834,25.3861635458
610,24.8831928233,25.3772614157
610.5,24.8787417582,25.3683592856
611,24.8787417582,25.3728103507
611.5,24.8787417582,25.3594571556
612,24.8653885631,25.3550060905
612.5,24.8609374981,25.3550060905
613,24.8609374981,25.3505550255
613.5,24.852035368,25.3505550255
614,24.852035368,25.3416528954
614.5,24.8386821729,25.3372018304
615,24.843133238,25.3282997003
615.5,24.843133238,25.3327507654
616,24.8297800429,25.3238486353
616.5,24.8297800429,25.3238486353
617,24.8253289778,25.3238486353
617.5,24.8208779128,25.3149465052
618,24.8164268478,25.3060443752
618.5,24.8119757827,25.3060443752
619,24.8119757827,25.3104954402
619.5,24.8030736527,25.3060443752
620,24.8030736527,25.2971422451
620.5,24.7941715226,25.2971422451
621,24.7897204576,25.288240115
621.5,24.7897204576,25.28378905
622,24.7763672625,25.279337985
622.5,24.7763672625,25.2704358549
623,24.7763672625,25.2659847899
623.5,24.7808183275,25.2615337248
624,24.7763672625,25.2481805297
624.5,24.7719161974,25.2570826598
625,24.7630140674,25.2437294647
625.5,24.7585630023,25.2348273346
626,24.7585630023,25.2348273346
626.5,24.7496608723,25.2259252046
627,24.7407587422,25.2170230745
627.5,24.7407587422,25.2125720095
628,24.7363076772,25.2081209444
628.5,24.7274055471,25.1992188144
629,24.7274055471,25.2036698794
629.5,24.7229544821,25.1947677493
630,24.7274055471,25.1947677493
630.5,24.7229544821,25.1947677493
631,24.7229544821,25.1903166843
631.5,24.709601287,25.1903166843
632,24.718503417,25.1814145542
632.5,24.714052352,25.1769634892
633,24.7051502219,25.1591592291
633.5,24.7051502219,25.1636102941
634,24.7051502219,25.154708164
634.5,24.7006991569,25.154708164
635,24.6962480919,25.145806034
635.5,24.6917970268,25.1413549689
636,24.6873459618,25.1413549689
636.5,24.6873459618,25.1324528389
637,24.6873459618,25.1369039039
637.5,24.6784438317,25.1324528389
638,24.6784438317,25.1324528389
638.5,24.6739927667,25.1190996438
639,24.6739927667,25.1146485787
639.5,24.6739927667,25.1190996438
640,24.6739927667,25.1146485787
640.5,24.6561885066,25.0968443186
641,24.6606395716,25.1101975137
641.5,24.6606395716,25.0968443186
642,24.6517374415,25.1012953836
642.5,24.6517374415,25.0923932536
643,24.6517374415,25.0968443186
643.5,24.6428353115,25.0834911235
644,24.6339331814,25.0879421885
644.5,24.6383842464,25.0790400585
645,24.6383842464,25.0834911235
645.5,24.6428353115,25.0790400585
646,24.6339331814,25.0790400585
646.5,24.6250310513,25.0745889934
647,24.6250310513,25.0701379284
647.5,24.6161289213,25.0612357983
648,24.6161289213,25.0612357983
648.5,24.6161289213,25.0656868634
649,24.6027757262,25.0523336683
649.5,24.5983246611,25.0478826032
650,24.5938735961,25.0434315382
650.5,24.5983246611,25.0345294081
651,24.5983246611,25.0389804732
651.5,24.5894225311,25.0345294081
652,24.5983246611,25.0300783431
652.5,24.5938735961,25.0345294081
653,24.584971466,25.021176213
653.5,24.5894225311,25.0256272781
654,24.580520401,25.0256272781
654.5,24.576069336,25.016725148
655,24.580520401,25.012274083
655.5,24.5716182709,25.016725148
656,24.5716182709,25.012274083
656.5,24.5671672059,25.012274083
657,24.5582650758,25.0033719529
657.5,24.5627161409,25.0033719529
658,24.5627161409,24.9989208879
658.5,24.5538140108,24.9944698229
659,24.5538140108,24.9855676928
659.5,24.5538140108,24.9855676928
660,24.5493629458,24.9811166278
660.5,24.5404608157,24.9766655627
661,24.5493629458,24.9766655627
661.5,24.5404608157,24.9633123676
662,24.5315586856,24.9633123676
662.5,24.5271076206,24.9633123676
663,24.5271076206,24.9588613026
663.5,24.5182054905,24.9499591725
664,24.5182054905,24.9499591725
664.5,24.5182054905,24.9366059774
665,24.5093033605,24.9321549124
665.5,24.5004012304,24.9232527823
666,24.5093033605,24.9321549124
666.5,24.4914991003,24.9277038474
667,24.4870480353,24.9143506523
667.5,24.4870480353,24.9098995872
668,24.4870480353,24.9009974572
668.5,24.4870480353,24.9054485222
669,24.4870480353,24.8965463921
669.5,24.4870480353,24.9009974572
670,24.4781459052,24.9009974572
670.5,24.4781459052,24.8965463921
671,24.4781459052,24.8920953271
671.5,24.4736948402,24.883193197
672,24.4692437752,24.883193197
672.5,24.4736948402,24.874291067
673,24.4647927101,24.878742132
673.5,24.44698845,24.874291067
674,24.4603416451,24.883193197
674.5,24.451439515,24.8653889369
675,24.4558905801,24.8698400019
675.5,24.44698845,24.8653889369
676,24.451439515,24.8653889369
676.5,24.44698845,24.8609378719
677,24.442537385,24.8520357418
677.5,24.442537385,24.8520357418
678,24.442537385,24.8564868068
678.5,24.4291841899,24.8475846768
679,24.4336352549,24.8475846768
679.5,24.4336352549,24.8386825467
680,24.4247331248,24.8431336117
680.5,24.4247331248,24.8386825467
681,24.4247331248,24.8342314817
681.5,24.4202820598,24.8342314817
682,24.4202820598,24.8253293516
682.5,24.4202820598,24.8297804166
683,24.4202820598,24.8342314817
683.5,24.4113799297,24.8253293516
684,24.4202820598,24.8297804166
684.5,24.4069288647,24.8297804166
685,24.4113799297,24.8208782866
685.5,24.3980267346,24.8119761565
686,24.4024777997,24.8119761565
686.5,24.4024777997,24.8164272215
687,24.3935756696,24.8075250915
687.5,24.3980267346,24.8119761565
688,24.3891246046,24.8119761565
688.5,24.3935756696,24.8075250915
689,24.3935756696,24.8030740264
689.5,24.3846735395,24.8030740264
690,24.3891246046,24.7986229614
690.5,24.3891246046,24.7986229614
691,24.3757714095,24.7941718964
691.5,24.3846735395,24.7941718964
692,24.3757714095,24.7941718964
692.5,24.3713203444,24.7897208313
693,24.3757714095,24.7941718964
693.5,24.3668692794,24.7897208313
694,24.3668692794,24.7808187013
694.5,24.3490650193,24.7852697663
695,24.3579671493,24.7719165712
695.5,24.3624182144,24.7674655062
696,24.3535160843,24.7585633761
696.5,24.3535160843,24.7674655062
697,24.3579671493,24.7630144411
697.5,24.3490650193,24.745210181
698,24.3401628892,24.745210181
698.5,24.3401628892,24.745210181
699,24.3446139543,24.749661246
699.5,24.3401628892,24.7363080509
700,24.3446139543,24.740759116
700.5,24.3357118242,24.7274059209
701,24.3312607592,24.7318569859
701.5,24.3223586291,24.7274059209
702,24.3312607592,24.7274059209
702.5,24.3223586291,24.7229548558
703,24.3312607592,24.7318569859
703.5,24.3179075641,24.7185037908
704,24.3223586291,24.7229548558
704.5,24.3223586291,24.7140527258
705,24.3179075641,24.7140527258
705.5,24.309005434,24.7140527258
706,24.304554369,24.7006995307
706.5,24.313456499,24.7140527258
707,24.313456499,24.7051505957
707.5,24.309005434,24.7006995307
708,24.304554369,24.6962484656
708.5,24.309005434,24.6962484656
709,24.304554369,24.6962484656
709.5,24.3001033039,24.6917974006
710,24.2912011739,24.6917974006
710.5,24.3001033039,24.6962484656
711,24.2912011739,24.6917974006
711.5,24.3001033039,24.6917974006
712,24.2956522389,24.6873463356
712.5,24.2912011739,24.6828952705
713,24.2912011739,24.6828952705
713.5,24.2956522389,24.6917974006
714,24.2867501088,24.6739931405
714.5,24.2867501088,24.6739931405
715,24.2822990438,24.6695420754
715.5,24.2778479788,24.6739931405
716,24.2822990438,24.6739931405
716.5,24.2778479788,24.6695420754
717,24.2778479788,24.6695420754
717.5,24.2778479788,24.6606399454
718,24.2778479788,24.6695420754
718.5,24.2778479788,24.6650910104
719,24.2733969137,24.6695420754
719.5,24.2778479788,24.6695420754
720,24.2689458487,24.6650910104
720.5,24.2822990438,24.6695420754
721,24.2733969137,24.6606399454
721.5,24.2689458487,24.6561888803
722,24.2689458487,24.6606399454
722.5,24.2689458487,24.6606399454
723,24.2689458487,24.6606399454
723.5,24.2689458487,24.6561888803
724,24.2644947837,24.6561888803
724.5,24.2600437186,24.6561888803
725,24.2600437186,24.6561888803
725.5,24.2600437186,24.6517378153
726,24.2644947837,24.6472867503
726.5,24.2644947837,24.6517378153
727,24.2555926536,24.6517378153
727.5,24.2644947837,24.6472867503
728,24.2600437186,24.6472867503
728.5,24.2555926536,24.6472867503
729,24.2511415886,24.6472867503
729.5,24.2555926536,24.6428356852
730,24.2555926536,24.6383846202
730.5,24.2511415886,24.6383846202
731,24.2644947837,24.6472867503
731.5,24.2555926536,24.6428356852
732,24.2511415886,24.6383846202
732.5,24.2466905235,24.6339335552
733,24.2600437186,24.6339335552
733.5,24.2511415886,24.6428356852
734,24.2511415886,24.6339335552
734.5,24.2466905235,24.6428356852
735,24.2511415886,24.6339335552
735.5,24.2422394585,24.6294824901
736,24.2377883935,24.6205803601
736.5,24.2466905235,24.6339335552
737,24.2511415886,24.6294824901
737.5,24.2466905235,24.6383846202
738,24.2466905235,24.6205803601
738.5,24.2466905235,24.6250314251
739,24.2422394585,24.6339335552
739.5,24.2333373284,24.6205803601
740,24.2422394585,24.616129295
740.5,24.2377883935,24.6294824901
741,24.2422394585,24.6205803601
741.5,24.2422394585,24.6250314251
742,24.2333373284,24.6250314251
742.5,24.2377883935,24.6250314251
743,24.2377883935,24.6250314251
743.5,24.2333373284,24.61167823
744,24.2333373284,24.616129295
744.5,24.2288862634,24.6250314251
745,24.2333373284,24.61167823
745.5,24.2333373284,24.6205803601
746,24.2288862634,24.607227165
746.5,24.2288862634,24.61167823
747,24.2244351984,24.61167823
747.5,24.2244351984,24.5983250349
748,24.2244351984,24.616129295
748.5,24.2199841333,24.5983250349
749,24.2244351984,24.6027760999
749.5,24.2244351984,24.6027760999
750,24.2199841333,24.607227165
750.5,24.2244351984,24.6027760999
751,24.2199841333,24.607227165
751.5,24.2288862634,24.607227165
752,24.2199841333,24.607227165
752.5,24.2244351984,24.607227165
753,24.2199841333,24.5983250349
753.5,24.2199841333,24.5938739699
754,24.2199841333,24.5938739699
754.5,24.2199841333,24.5894229048
755,24.2155330683,24.5938739699
755.5,24.2199841333,24.5938739699
756,24.2155330683,24.5894229048
756.5,24.2110820033,24.5894229048
757,24.2110820033,24.5849718398
757.5,24.2066309382,24.5849718398
758,24.2199841333,24.5849718398
758.5,24.2155330683,24.5716186447
759,24.2110820033,24.5760697097
759.5,24.2199841333,24.5805207748
760,24.2110820033,24.5760697097
760.5,24.2066309382,24.5627165146
761,24.2110820033,24.5671675797
761.5,24.2066309382,24.5716186447
762,24.2110820033,24.5671675797
762.5,24.1977288082,24.5627165146
763,24.1932777431,24.5627165146
763.5,24.1977288082,24.5582654496
764,24.2021798732,24.5671675797
764.5,24.1932777431,24.5538143846
765,24.1888266781,24.5538143846
765.5,24.1932777431,24.5538143846
766,24.1932777431,24.5582654496
766.5,24.1977288082,24.5493633195
767,24.1843756131,24.5538143846
767.5,24.1977288082,24.5538143846
768,24.1977288082,24.5538143846
768.5,24.1888266781,24.5538143846
769,24.1843756131,24.5449122545
769.5,24.1888266781,24.5538143846
770,24.1888266781,24.5449122545
770.5,24.1843756131,24.5404611895
771,24.1843756131,24.5493633195
771.5,24.1888266781,24.5404611895
772,24.1843756131,24.5404611895
772.5,24.175473483,24.5449122545
773,24.1843756131,24.5449122545
773.5,24.179924548,24.5449122545
774,24.175473483,24.5404611895
774.5,24.175473483,24.5360101244
775,24.171022418,24.5360101244
775.5,24.175473483,24.5360101244
776,24.179924548,24.5360101244
776.5,24.171022418,24.5315590594
777,24.175473483,24.5271079944
777.5,24.171022418,24.5404611895
778,24.1665713529,24.5315590594
778.5,24.1621202879,24.5182058643
779,24.1665713529,24.5182058643
779.5,24.171022418,24.5315590594
780,24.1621202879,24.5226569293
780.5,24.171022418,24.5271079944
781,24.171022418,24.5271079944
781.5,24.171022418,24.5226569293
782,24.1665713529,24.5226569293
782.5,24.1621202879,24.5182058643
783,24.1665713529,24.5182058643
783.5,24.1621202879,24.5182058643
784,24.1665713529,24.5226569293
784.5,24.1665713529,24.5226569293
785,24.1532181578,24.5182058643
785.5,24.1621202879,24.5226569293
786,24.1576692229,24.5093037342
786.5,24.1665713529,24.5137547993
787,24.1576692229,24.5137547993
787.5,24.1576692229,24.5137547993
788,24.1621202879,24.5182058643
788.5,24.1576692229,24.5137547993
789,24.1621202879,24.5137547993
789.5,24.1576692229,24.5137547993
790,24.1576692229,24.5048526692
790.5,24.1532181578,24.5004016042
791,24.1487670928,24.5004016042
791.5,24.1532181578,24.4959505391
792,24.1487670928,24.4914994741
792.5,24.1532181578,24.4914994741
793,24.1532181578,24.4959505391
793.5,24.1443160278,24.4870484091
794,24.1443160278,24.4959505391
794.5,24.1532181578,24.4959505391
795,24.1532181578,24.4959505391
795.5,24.1354138977,24.482597344
796,24.1398649627,24.482597344
796.5,24.1354138977,24.482597344
797,24.1443160278,24.4870484091
797.5,24.1398649627,24.473695214
798,24.1398649627,24.482597344
798.5,24.1354138977,24.473695214
799,24.1309628327,24.4692441489
799.5,24.1398649627,24.4692441489
800,24.1309628327,24.4647930839
800.5,24.1354138977,24.473695214
801,24.1309628327,24.4647930839
801.5,24.1309628327,24.4692441489
802,24.1220607026,24.4603420189
802.5,24.1265117676,24.4647930839
803,24.1220607026,24.4558909538
803.5,24.1265117676,24.4558909538
804,24.1265117676,24.4603420189
804.5,24.1220607026,24.4514398888
805,24.1220607026,24.4425377587
805.5,24.1265117676,24.4425377587
806,24.1176096376,24.4425377587
806.5,24.1131585725,24.4603420189
807,24.1131585725,24.4380866937
807.5,24.1087075075,24.4336356287
808,24.1087075075,24.4291845636
808.5,24.1087075075,24.4291845636
809,24.1087075075,24.4291845636
809.5,24.0998053774,24.4202824336
810,24.1042564425,24.4336356287
810.5,24.1042564425,24.4158313685
811,24.0909032474,24.4202824336
811.5,24.1042564425,24.4247334986
812,24.0998053774,24.4113803035
812.5,24.1087075075,24.4202824336
813,24.0909032474,24.4113803035
813.5,24.0998053774,24.4158313685
814,24.1087075075,24.4113803035
814.5,24.1042564425,24.4158313685
815,24.0953543124,24.4069292385
815.5,24.0909032474,24.4113803035
816,24.0998053774,24.4069292385
816.5,24.0909032474,24.4158313685
817,24.0909032474,24.4113803035
817.5,24.0909032474,24.4069292385
818,24.0909032474,24.4069292385
818.5,24.0953543124,24.4113803035
819,24.0864521823,24.4069292385
819.5,24.0820011173,24.4024781734
820,24.0820011173,24.4069292385
820.5,24.0864521823,24.4069292385
821,24.0864521823,24.4024781734
821.5,24.0864521823,24.4024781734
822,24.0820011173,24.3980271084
822.5,24.0864521823,24.4024781734
823,24.0864521823,24.3935760434
823.5,24.0820011173,24.4024781734
824,24.0820011173,24.3891249783
824.5,24.0864521823,24.4024781734
825,24.0864521823,24.3935760434
825.5,24.0820011173,24.3891249783
826,24.0820011173,24.3980271084
826.5,24.0820011173,24.3891249783
827,24.0730989872,24.3846739133
827.5,24.0730989872,24.3846739133
828,24.0730989872,24.3846739133
828.5,24.0730989872,24.3846739133
829,24.0820011173,24.3846739133
829.5,24.0730989872,24.3802228483
830,24.0686479222,24.3802228483
830.5,24.0775500523,24.3757717832
831,24.0730989872,24.3713207182
831.5,24.0686479222,24.3713207182
832,24.0686479222,24.3713207182
832.5,24.0730989872,24.3668696532
833,24.0686479222,24.3668696532
833.5,24.0597457921,24.3624185881
834,24.0730989872,24.3668696532
834.5,24.0641968572,24.3579675231
835,24.0686479222,24.3757717832
835.5,24.0597457921,24.3624185881
836,24.0597457921,24.3624185881
836.5,24.0641968572,24.3624185881
837,24.0641968572,24.3624185881
837.5,24.0686479222,24.3624185881
838,24.0641968572,24.3579675231
838.5,24.0686479222,24.3535164581
839,24.0641968572,24.3535164581
839.5,24.0686479222,24.3579675231
840,24.0730989872,24.3535164581
840.5,24.0552947271,24.349065393
841,24.0597457921,24.349065393
841.5,24.0552947271,24.349065393
842,24.0597457921,24.349065393
842.5,24.0597457921,24.349065393
843,24.0597457921,24.349065393
843.5,24.0508436621,24.349065393
844,24.0552947271,24.349065393
844.5,24.0508436621,24.349065393
845,24.0597457921,24.349065393
845.5,24.0552947271,24.340163263
846,24.0552947271,24.344614328
846.5,24.0508436621,24.344614328
847,24.0508436621,24.344614328
847.5,24.0641968572,24.340163263
848,24.0508436621,24.344614328
848.5,24.0508436621,24.340163263
849,24.046392597,24.3268100679
849.5,24.0508436621,24.349065393
850,24.046392597,24.344614328
850.5,24.0552947271,24.340163263
851,24.0508436621,24.3357121979
851.5,24.0552947271,24.340163263
852,24.0597457921,24.3357121979
852.5,24.0552947271,24.3357121979
853,24.0508436621,24.344614328
853.5,24.0508436621,24.3312611329
854,24.0508436621,24.340163263
854.5,24.0508436621,24.3357121979
855,24.046392597,24.3357121979
855.5,24.046392597,24.3312611329
856,24.041941532,24.3268100679
856.5,24.0508436621,24.3312611329
857,24.041941532,24.3223590028
857.5,24.046392597,24.3312611329
858,24.0330394019,24.3268100679
858.5,24.041941532,24.3357121979
859,24.037490467,24.3223590028
859.5,24.046392597,24.3312611329
860,24.041941532,24.3223590028
860.5,24.041941532,24.3268100679
861,24.041941532,24.3268100679
861.5,24.0330394019,24.3312611329
862,24.037490467,24.3312611329
862.5,24.0285883369,24.3268100679
863,24.037490467,24.3312611329
863.5,24.0285883369,24.3223590028
864,24.037490467,24.3223590028
864.5,24.0330394019,24.3223590028
865,24.0330394019,24.3268100679
865.5,24.037490467,24.3179079378
866,24.0285883369,24.3134568728
866.5,24.0330394019,24.3179079378
867,24.0330394019,24.3223590028
867.5,24.0285883369,24.3179079378
868,24.0285883369,24.3134568728
868.5,24.0285883369,24.3179079378
869,24.0241372719,24.3134568728
869.5,24.0241372719,24.3134568728
870,24.037490467,24.3179079378
870.5,24.0285883369,24.3134568728
871,24.0196862068,24.3179079378
871.5,24.0241372719,24.3134568728
872,24.0285883369,24.3223590028
872.5,24.0196862068,24.3090058077
873,24.0196862068,24.3090058077
873.5,24.0241372719,24.3090058077
874,24.0285883369,24.3134568728
874.5,24.0107840768,24.3134568728
875,24.0241372719,24.3090058077
875.5,24.0241372719,24.3134568728
876,24.0152351418,24.3090058077
876.5,24.0196862068,24.3045547427
877,24.0241372719,24.3134568728
877.5,24.0196862068,24.3045547427
878,24.0196862068,24.3001036777
878.5,24.0152351418,24.3090058077
879,24.0152351418,24.3090058077
879.5,24.0196862068,24.3134568728
880,24.0241372719,24.3134568728
880.5,24.0152351418,24.3090058077
881,24.0152351418,24.3090058077
881.5,24.0241372719,24.3090058077
882,24.0285883369,24.3090058077
882.5,24.0196862068,24.3134568728
883,24.0196862068,24.3090058077
883.5,24.0241372719,24.3001036777
884,24.0241372719,24.3045547427
884.5,24.0241372719,24.3045547427
885,24.0196862068,24.3001036777
885.5,24.0241372719,24.3134568728
886,24.0241372719,24.3090058077
886.5,24.0196862068,24.3045547427
887,24.0285883369,24.3045547427
887.5,24.0196862068,24.3090058077
888,24.0152351418,24.3001036777
888.5,24.0196862068,24.3001036777
889,24.0285883369,24.3001036777
889.5,24.0152351418,24.2956526126
890,24.0107840768,24.2956526126
890.5,24.0196862068,24.3001036777
891,24.0196862068,24.2956526126
891.5,24.0152351418,24.2956526126
892,24.0241372719,24.2956526126
892.5,24.0152351418,24.2867504826
893,24.0107840768,24.2867504826
893.5,24.0152351418,24.2912015476
894,24.0152351418,24.2956526126
894.5,24.0107840768,24.2912015476
895,24.0107840768,24.2912015476
895.5,24.0152351418,24.2956526126
896,24.0152351418,24.2867504826
896.5,24.0152351418,24.2912015476
897,24.0107840768,24.2912015476
897.5,24.0063330117,24.2822994175
898,24.0107840768,24.2778483525
898.5,24.0063330117,24.2912015476
899,24.0018819467,24.2867504826
899.5,24.0063330117,24.2822994175
900,23.9974308817,24.2912015476
900.5,24.0018819467,24.2822994175
901,24.0018819467,24.2867504826
901.5,23.9974308817,24.2822994175
902,24.0018819467,24.2822994175
902.5,24.0063330117,24.2867504826
903,24.0063330117,24.2822994175
903.5,24.0018819467,24.2867504826
904,24.0018819467,24.2822994175
904.5,24.0063330117,24.2778483525
905,24.0063330117,24.2822994175
905.5,24.0063330117,24.2822994175
906,24.0063330117,24.2912015476
906.5,23.9974308817,24.2778483525
907,24.0018819467,24.2733972875
907.5,23.9974308817,24.2778483525
908,24.0018819467,24.2733972875
908.5,23.9929798166,24.2778483525
909,23.9974308817,24.2689462224
909.5,23.9974308817,24.2733972875
910,23.9885287516,24.2555930273
910.5,23.9885287516,24.2644951574
911,23.9929798166,24.2689462224
911.5,23.9885287516,24.2555930273
912,23.9840776866,24.2555930273
912.5,23.9751755565,24.2555930273
913,23.9840776866,24.2555930273
913.5,23.9751755565,24.2511419623
914,23.9662734264,24.2511419623
914.5,23.9751755565,24.2511419623
915,23.9618223614,24.2466908973
915.5,23.9662734264,24.2466908973
916,23.9662734264,24.2422398322
916.5,23.9662734264,24.2422398322
917,23.9618223614,24.2422398322
917.5,23.9618223614,24.2422398322
918,23.9529202313,24.2377887672
918.5,23.9573712964,24.2333377022
919,23.9573712964,24.2333377022
919.5,23.9573712964,24.2377887672
920,23.9573712964,24.2333377022
920.5,23.9618223614,24.2333377022
921,23.9529202313,24.2333377022
921.5,23.9529202313,24.2333377022
922,23.9529202313,24.2333377022
922.5,23.9529202313,24.2333377022
923,23.9529202313,24.2333377022
923.5,23.9529202313,24.2288866371
924,23.9529202313,24.2288866371
924.5,23.9529202313,24.2288866371
925,23.9484691663,24.2288866371
925.5,23.9529202313,24.2199845071
926,23.9440181013,24.215533442
926.5,23.9529202313,24.2244355721
927,23.9351159712,24.2244355721
927.5,23.9440181013,24.215533442
928,23.9395670362,24.2199845071
928.5,23.9351159712,24.211082377
929,23.9262138411,24.211082377
929.5,23.9306649062,24.211082377
930,23.9306649062,24.211082377
930.5,23.9306649062,24.1977291819
931,23.9306649062,24.211082377
931.5,23.9262138411,24.2021802469
932,23.9306649062,24.2021802469
932.5,23.9217627761,24.1977291819
933,23.9217627761,24.2021802469
933.5,23.9173117111,24.1932781169
934,23.9217627761,24.2021802469
934.5,23.9217627761,24.2021802469
935,23.9173117111,24.1977291819
935.5,23.9173117111,24.1932781169
936,23.912860646,24.1977291819
936.5,23.912860646,24.1932781169
937,23.9173117111,24.1888270518
937.5,23.912860646,24.1843759868
938,23.912860646,24.1799249218
938.5,23.912860646,24.1799249218
939,23.912860646,24.1888270518
939.5,23.9217627761,24.1977291819
940,23.903958516,24.1799249218
940.5,23.903958516,24.1754738567
941,23.903958516,24.1710227917
941.5,23.908409581,24.1799249218
942,23.908409581,24.1799249218
942.5,23.903958516,24.1754738567
943,23.908409581,24.1799249218
943.5,23.903958516,24.1754738567
944,23.903958516,24.1843759868
944.5,23.908409581,24.1888270518
945,23.908409581,24.1843759868
945.5,23.903958516,24.1665717267
946,23.903958516,24.1710227917
946.5,23.8950563859,24.1888270518
947,23.8995074509,24.1843759868
947.5,23.903958516,24.1710227917
948,23.8995074509,24.1754738567
948.5,23.903958516,24.1799249218
949,23.8995074509,24.1710227917
949.5,23.8995074509,24.1754738567
950,23.903958516,24.1710227917
950.5,23.903958516,24.1799249218
951,23.903958516,24.1754738567
951.5,23.8950563859,24.1710227917
952,23.903958516,24.1843759868
952.5,23.908409581,24.1843759868
953,23.903958516,24.1799249218
953.5,23.8995074509,24.1799249218
954,23.8861542558,24.1710227917
954.5,23.8950563859,24.1710227917
955,23.8995074509,24.1710227917
955.5,23.8950563859,24.1799249218
956,23.8950563859,24.1843759868
956.5,23.8995074509,24.1754738567
957,23.903958516,24.1665717267
957.5,23.8906053209,24.1710227917
958,23.8950563859,24.1710227917
958.5,23.8861542558,24.1665717267
959,23.8950563859,24.1799249218
959.5,23.8861542558,24.1665717267
960,23.8950563859,24.1754738567
960.5,23.8861542558,24.1799249218
961,23.8906053209,24.1710227917
961.5,23.8906053209,24.1665717267
962,23.8861542558,24.1710227917
962.5,23.8950563859,24.1754738567
963,23.8861542558,24.1754738567
963.5,23.8861542558,24.1710227917
964,23.8861542558,24.1665717267
964.5,23.8861542558,24.1665717267
965,23.8906053209,24.1621206616
965.5,23.8861542558,24.1665717267
966,23.8817031908,24.1621206616
966.5,23.8817031908,24.1576695966
967,23.8817031908,24.1710227917
967.5,23.8817031908,24.1576695966
968,23.8772521258,24.1621206616
968.5,23.8772521258,24.1576695966
969,23.8817031908,24.1532185316
969.5,23.8772521258,24.1487674665
970,23.8772521258,24.1532185316
970.5,23.8772521258,24.1487674665
971,23.8728010607,24.1532185316
971.5,23.8728010607,24.1487674665
972,23.8817031908,24.1487674665
972.5,23.8772521258,24.1576695966
973,23.8728010607,24.1398653365
973.5,23.8683499957,24.1443164015
974,23.8728010607,24.1354142714
974.5,23.8638989307,24.1398653365
975,23.8728010607,24.1443164015
975.5,23.8728010607,24.1532185316
976,23.8683499957,24.1487674665
976.5,23.8728010607,24.1487674665
977,23.8638989307,24.1487674665
977.5,23.8638989307,24.1354142714
978,23.8683499957,24.1398653365
978.5,23.8683499957,24.1443164015
979,23.8594478656,24.1398653365
979.5,23.8594478656,24.1487674665
980,23.8683499957,24.1532185316
980.5,23.8594478656,24.1443164015
981,23.8638989307,24.1398653365
981.5,23.8594478656,24.1487674665
982,23.8683499957,24.1487674665
982.5,23.8728010607,24.1532185316
983,23.8549968006,24.1443164015
983.5,23.8638989307,24.1443164015
984,23.8638989307,24.1487674665
984.5,23.8638989307,24.1487674665
985,23.8594478656,24.1487674665
985.5,23.8594478656,24.1398653365
986,23.8638989307,24.1398653365
986.5,23.8638989307,24.1487674665
987,23.8594478656,24.1443164015
987.5,23.8638989307,24.1443164015
988,23.8549968006,24.1487674665
988.5,23.8638989307,24.1443164015
989,23.8594478656,24.1443164015
989.5,23.8638989307,24.1532185316
990,23.8683499957,24.1443164015
990.5,23.8638989307,24.1532185316
991,23.8549968006,24.1443164015
991.5,23.8505457356,24.1398653365
992,23.8594478656,24.1443164015
992.5,23.8460946705,24.1354142714
993,23.8505457356,24.1443164015
993.5,23.8638989307,24.1398653365
994,23.8638989307,24.1487674665
994.5,23.8549968006,24.1532185316
995,23.8594478656,24.1487674665
995.5,23.8638989307,24.1487674665
996,23.8594478656,24.1443164015
996.5,23.8594478656,24.1354142714
997,23.8549968006,24.1398653365
997.5,23.8594478656,24.1443164015
998,23.8549968006,24.1443164015
998.5,23.8638989307,24.1443164015
999,23.8549968006,24.1532185316
999.5,23.8594478656,24.1443164015
1000,23.8594478656,24.1576695966
1000.5,23.8594478656,24.1532185316
1001,23.8594478656,24.1532185316
1001.5,23.8594478656,24.1443164015
1002,23.8549968006,24.1398653365
1002.5,23.8549968006,24.1532185316
1003,23.8638989307,24.1487674665
1003.5,23.8549968006,24.1532185316
1004,23.8683499957,24.1576695966
1004.5,23.8683499957,24.1532185316
1005,23.8683499957,24.1532185316
1005.5,23.8594478656,24.1532185316
1006,23.8594478656,24.1532185316
1006.5,23.8594478656,24.1576695966
1007,23.8638989307,24.1532185316
1007.5,23.8549968006,24.1532185316
1008,23.8594478656,24.1443164015
1008.5,23.8594478656,24.1487674665
1009,23.8594478656,24.1487674665
1009.5,23.8549968006,24.1532185316
1010,23.8683499957,24.1665717267
1010.5,23.8683499957,24.1621206616
1011,23.8638989307,24.1621206616
1011.5,23.8594478656,24.1532185316
1012,23.8638989307,24.1576695966
1012.5,23.8594478656,24.1576695966
1013,23.8594478656,24.1576695966
1013.5,23.8683499957,24.1621206616
1014,23.8638989307,24.1487674665
1014.5,23.8638989307,24.1532185316
1015,23.8549968006,24.1532185316
1015.5,23.8549968006,24.1532185316
1016,23.8638989307,24.1487674665
1016.5,23.8594478656,24.1532185316
1017,23.8594478656,24.1443164015
1017.5,23.8638989307,24.1398653365
1018,23.8594478656,24.1621206616
1018.5,23.8638989307,24.1621206616
1019,23.8683499957,24.1487674665
1019.5,23.8638989307,24.1532185316
1020,23.8638989307,24.1621206616
1020.5,23.8594478656,24.1621206616
1021,23.8594478656,24.1576695966
1021.5,23.8638989307,24.1621206616
1022,23.8638989307,24.1665717267
1022.5,23.8683499957,24.1576695966
1023,23.8549968006,24.1621206616
1023.5,23.8594478656,24.1576695966
1024,23.8683499957,24.1532185316
1024.5,23.8683499957,24.1665717267
1025,23.8638989307,24.1532185316
1025.5,23.8594478656,24.1576695966
1026,23.8683499957,24.1576695966
1026.5,23.8683499957,24.1621206616
1027,23.8683499957,24.1621206616
1027.5,23.8683499957,24.1621206616
1028,23.8728010607,24.1665717267
1028.5,23.8594478656,24.1665717267
1029,23.8683499957,24.1621206616
1029.5,23.8683499957,24.1665717267
1030,23.8638989307,24.1621206616
1030.5,23.8683499957,24.1621206616
1031,23.8728010607,24.1665717267
1031.5,23.8683499957,24.1576695966
1032,23.8594478656,24.1665717267
1032.5,23.8638989307,24.1621206616
1033,23.8638989307,24.1621206616
1033.5,23.8683499957,24.1621206616
1034,23.8728010607,24.1621206616
1034.5,23.8683499957,24.1576695966
1035,23.8772521258,24.1665717267
1035.5,23.8728010607,24.1665717267
1036,23.8728010607,24.1665717267
1036.5,23.8728010607,24.1621206616
1037,23.8728010607,24.1710227917
1037.5,23.8683499957,24.1576695966
1038,23.8683499957,24.1665717267
1038.5,23.8728010607,24.1710227917
1039,23.8728010607,24.1710227917
1039.5,23.8772521258,24.1621206616
1040,23.8728010607,24.1621206616
1040.5,23.8728010607,24.1665717267
1041,23.8772521258,24.1621206616
1041.5,23.8772521258,24.1665717267
1042,23.8728010607,24.1621206616
1042.5,23.8772521258,24.1710227917
1043,23.8728010607,24.1621206616
1043.5,23.8817031908,24.1665717267
1044,23.8728010607,24.1621206616
1044.5,23.8817031908,24.1621206616
1045,23.8861542558,24.1665717267
1045.5,23.8728010607,24.1665717267
1046,23.8728010607,24.1710227917
1046.5,23.8772521258,24.1665717267
1047,23.8817031908,24.1710227917
1047.5,23.8728010607,24.1576695966
1048,23.8728010607,24.1710227917
1048.5,23.8728010607,24.1665717267
1049,23.8728010607,24.1665717267
1049.5,23.8772521258,24.1665717267
1050,23.8772521258,24.1754738567
1050.5,23.8772521258,24.1710227917
1051,23.8772521258,24.1665717267
1051.5,23.8817031908,24.1754738567
1052,23.8817031908,24.1665717267
1052.5,23.8772521258,24.1621206616
1053,23.8817031908,24.1665717267
1053.5,23.8817031908,24.1710227917
1054,23.8772521258,24.1621206616
1054.5,23.8817031908,24.1621206616
1055,23.8817031908,24.1710227917
1055.5,23.8906053209,24.1665717267
1056,23.8817031908,24.1710227917
1056.5,23.8817031908,24.1621206616
1057,23.8817031908,24.1710227917
1057.5,23.8817031908,24.1621206616
1058,23.8817031908,24.1710227917
1058.5,23.8817031908,24.1665717267
1059,23.8772521258,24.1665717267
1059.5,23.8817031908,24.1665717267
1060,23.8817031908,24.1621206616
1060.5,23.8861542558,24.1665717267
1061,23.8817031908,24.1621206616
1061.5,23.8861542558,24.1710227917
1062,23.8861542558,24.1710227917
1062.5,23.8728010607,24.1665717267
1063,23.8861542558,24.1665717267
1063.5,23.8772521258,24.1621206616
1064,23.8728010607,24.1621206616
1064.5,23.8817031908,24.1621206616
1065,23.8817031908,24.1621206616
1065.5,23.8861542558,24.1621206616
1066,23.8817031908,24.1665717267
1066.5,23.8861542558,24.1710227917
1067,23.8906053209,24.1710227917
1067.5,23.8817031908,24.1665717267
1068,23.8861542558,24.1710227917
1068.5,23.8906053209,24.1621206616
1069,23.8772521258,24.1621206616
1069.5,23.8817031908,24.1710227917
1070,23.8861542558,24.1710227917
1070.5,23.8861542558,24.1621206616
1071,23.8817031908,24.1665717267
1071.5,23.8817031908,24.1710227917
1072,23.8817031908,24.1621206616
1072.5,23.8817031908,24.1710227917
1073,23.8817031908,24.1710227917
1073.5,23.8817031908,24.1754738567
1074,23.8861542558,24.1665717267
1074.5,23.8861542558,24.1621206616
1075,23.8817031908,24.1665717267
1075.5,23.8772521258,24.1665717267
1076,23.8817031908,24.1710227917
1076.5,23.8861542558,24.1710227917
1077,23.8817031908,24.1621206616
1077.5,23.8817031908,24.1621206616
1078,23.8906053209,24.1754738567
1078.5,23.8817031908,24.1710227917
1079,23.8861542558,24.1754738567
1079.5,23.8817031908,24.1710227917
1080,23.8817031908,24.1621206616
1080.5,23.8817031908,24.1576695966
1081,23.8906053209,24.1710227917
1081.5,23.8861542558,24.1843759868
1082,23.8906053209,24.1710227917
1082.5,23.8817031908,24.1710227917
1083,23.8861542558,24.1754738567
1083.5,23.8817031908,24.1754738567
1084,23.8861542558,24.1710227917
1084.5,23.8817031908,24.1799249218
1085,23.8906053209,24.1665717267
1085.5,23.8950563859,24.1754738567
1086,23.8950563859,24.1799249218
1086.5,23.8861542558,24.1621206616
